<?xml version="1.0" encoding="UTF-8"?>
<Package xmlns="http://soap.sforce.com/2006/04/metadata">
    <types>
        <members>*</members>
        <name>ApexClass</name>
    </types>
    <types>
        <members>*</members>
        <name>ApexComponent</name>
    </types>
    <types>
        <members>*</members>
        <name>ApexPage</name>
    </types>
    <types>
        <members>*</members>
        <name>ApexTrigger</name>
    </types>
    <types>
        <members>*</members>
        <name>CustomApplication</name>
    </types>
    <types>
        <members>*</members>
        <name>CustomLabels</name>
    </types>
    <types>
        <members>*</members>
        <name>CustomObject</name>
    </types>
    <types>
        <members>*</members>
        <name>CustomObjectTranslation</name>
    </types>
    <types>
        <members>*</members>
        <name>CustomPageWebLink</name>
    </types>
    <types>
        <members>*</members>
        <name>CustomTab</name>
    </types>
    <types>
        <members>*</members>
        <name>Group</name>
    </types>
    <types>
        <members>*</members>
        <name>PermissionSet</name>
    </types>
    <types>
        <members>Admin</members>
        <name>Profile</name>
    </types>
    <types>
        <members>*</members>
        <name>StaticResource</name>
    </types>
    <types>
        <members>*</members>
        <name>Translations</name>
    </types>
    <types>
        <members>Contact-Easy Contact Layout</members>
        <members>Account-Easy Account Layout</members>
        <members>Lead-Easy Lead Layout</members>
        <members>Opportunity-Easy Opportunity Layout</members>
        <name>Layout</name>
    </types>
    <version>32.0</version>
</Package>
